Section Number,Geographic Name,Height (m),d13C_carb,d18O_carb,d13C_org,D13C,Percent carb.,TOC (%)
D804,"Laframboise
Point",0.1,0.11,-3.64,-28.22,28.33,NaN,NaN
D804,"Laframboise
Point",1.1,0.53,-2.97,-26.4,26.93,NaN,NaN
D804,"Laframboise
Point",2.1,0.6,-3.61,-27.54,28.13,NaN,NaN
D804,"Laframboise
Point",3.1,0.44,-3.66,-28.2,28.64,NaN,NaN
901,"Laframboise
Point",3.3,0.41,-3.91,-27.12,27.53,74.00%,0.45%
901,"Laframboise
Point",3.4,0.54,-3.89,-27.81,28.35,76.60%,0.40%
901,"Laframboise
Point",4,0.74,-3.96,-25.9,26.64,86.10%,0.41%
D804,"Laframboise
Point",4.1,0.29,-3.61,-28.82,29.12,NaN,NaN
901,"Laframboise
Point",4.2,-0.36,-3.97,-28.26,27.9,75.30%,0.28%
901,"Laframboise
Point",4.5,0.32,-4.27,-28.84,29.16,81.20%,0.50%
901,"Laframboise
Point",4.9,0.24,-3.72,-28.78,29.02,79.30%,0.75%
D804,"Laframboise
Point",5.1,0.96,-3.53,-28.35,29.31,NaN,NaN
901,"Laframboise
Point",5.5,0.16,-3.6,-28.9,29.05,79.50%,0.70%
D804,"Laframboise
Point",6.1,0.42,-3.75,-27.98,28.4,NaN,NaN
901,"Laframboise
Point",6.3,0.14,-3.83,-28.58,28.72,89.40%,0.37%
901,"Laframboise
Point",7,0.14,-3.67,-29.08,29.22,80.30%,0.60%
D804,"Laframboise
Point",7.2,0.49,-4.08,-28.68,29.17,NaN,NaN
901,"Laframboise
Point",7.5,0.26,-3.57,-28.96,29.22,85.50%,0.26%
901,"Laframboise
Point",8,0.13,-3.29,-28.49,28.62,87.70%,0.60%
D804,"Laframboise
Point",8.1,0.27,-3.67,-28.53,28.81,NaN,NaN
901,"Laframboise
Point",8.5,0.19,-3.53,-28.98,29.17,81.10%,0.68%
901,"Laframboise
Point",9,0.41,-3.56,-28.65,29.06,77.20%,0.59%
D804,"Laframboise
Point",9.1,0.66,-3.59,-28.12,28.78,NaN,NaN
901,"Laframboise
Point",9.4,0.38,-3.31,-29.21,29.59,66.50%,0.93%
901,Laframboise,10,1.42,-2.86,-27.76,29.18,68.60%,0.74%
,"Point
Laframboise",,,,,,,
D804,Point,10.1,1.7,-1.91,-27.14,28.83,NaN,NaN
,Laframboise,,,,,,,
901,Point,10.3,1.38,-2.91,-27.83,29.22,66.00%,0.82%
,Laframboise,,,,,,,
901,Point,11,1.56,-3.1,-26.43,27.98,75.70%,0.28%
,Laframboise,,,,,,,
D804,Point,11.1,2.05,-2.82,-26.57,28.62,NaN,NaN
,Laframboise,,,,,,,
901,Point,11.5,1.43,-3.66,-27.09,28.53,63.90%,0.28%
,Laframboise,,,,,,,
901,Point,12,2.11,-3.79,-26.8,28.92,74.30%,0.44%
,Laframboise,,,,,,,
D804,Point,12.1,2.7,-2.61,-26.08,28.79,NaN,NaN
,Laframboise,,,,,,,
901,Point,12.2,1.76,-3.96,-26.52,28.27,73.80%,0.77%
,Laframboise,,,,,,,
901,Point,12.5,1.6,-4.1,-26.02,27.63,72.10%,0.58%
,Laframboise,,,,,,,
901,Point,12.7,1.77,-3.99,-25.1,26.87,74.90%,0.37%
,Laframboise,,,,,,,
901,Point,13,1.4,-3.49,-28.92,30.33,88.70%,0.59%
,Laframboise,,,,,,,
901,Point,13.1,2.38,-3.95,-29.5,31.88,96.20%,0.78%
,Laframboise,,,,,,,
D804,Point,13.1,2.22,-2.98,-24.89,27.11,NaN,NaN
,Laframboise,,,,,,,
901,Point,13.5,3.65,-2.7,-28.23,31.88,70.40%,0.68%
,Laframboise,,,,,,,
901,Point,13.5,3.02,-2.66,-23.1,26.12,88.60%,0.27%
,Laframboise,,,,,,,
901,Point,13.7,3.41,-2.29,-26.92,30.33,88.40%,0.88%
,Laframboise,,,,,,,
901,Point,13.7,3.35,-2.1,NaN,NaN,94.70%,0.15%
,Laframboise,,,,,,,
901,Point,14,3.54,-2.82,-26.69,30.23,86.60%,1.19%
,Laframboise,,,,,,,
901,Point,14,3.95,-1.98,NaN,NaN,92.60%,0.22%
,Laframboise,,,,,,,
D804,Point,14.1,3.83,-1.87,-25.97,29.8,NaN,NaN
,Laframboise,,,,,,,
901,Point,14.2,3.59,-2.97,-24.94,28.53,84.10%,0.59%
,Laframboise,,,,,,,
901,Point,14.4,4.61,-1.97,NaN,NaN,94.70%,0.19%
,Laframboise,,,,,,,
901,Point,14.5,3.65,-2.7,-27.49,31.14,89.20%,0.62%
,Laframboise,,,,,,,
901,Point,14.7,3.05,-2.94,-26.04,29.09,88.00%,0.65%
,Laframboise,,,,,,,
901,Point,14.9,3.19,-2.35,-26.48,29.67,82.90%,0.28%
,Laframboise,,,,,,,
D804,Point,15.1,3.53,-2.95,-25.48,29.01,NaN,NaN
,Laframboise,,,,,,,
901,Point,15.3,3.76,-4.32,-26.25,30.01,93.10%,0.24%
,Laframboise,,,,,,,
901,Point,15.8,3.75,-2.54,-25.37,29.12,93.50%,0.12%
,Laframboise,,,,,,,
D804,Point,16.1,4.03,-1.96,-25.34,29.37,NaN,NaN
,Laframboise,,,,,,,
D804,Point,16.3,3.1,-2.91,-26.21,29.31,NaN,NaN
,Laframboise,,,,,,,
D804,Point,16.5,1.92,-2.88,-27.56,29.48,NaN,NaN
,Laframboise,,,,,,,
D804,Point,16.8,1.6,-3.78,-27.37,28.98,NaN,NaN
,Laframboise,,,,,,,
D804,Point,17,1.29,-3.63,-27.74,29.03,NaN,NaN
,Laframboise,,,,,,,
901,Point,17.1,1.62,-3.05,-27.58,29.2,86.40%,0.77%
,Laframboise,,,,,,,
D804,Point,17.5,0.98,-4.84,-28.28,29.25,NaN,NaN
,Laframboise,,,,,,,
901,Point,17.6,0.85,-3.24,NaN,NaN,97.20%,0.22%
,Laframboise,,,,,,,
D804,Point,17.7,0.9,-3.57,-28.14,29.04,NaN,NaN
,Laframboise,,,,,,,
901,Point,18,0.66,-4.05,-28.03,28.7,84.20%,0.27%
,Laframboise,,,,,,,
D804,Point,18,0.73,-3.52,-28.15,28.88,NaN,NaN
,Laframboise,,,,,,,
D804,Point,18.1,0.41,-3.54,-28.29,28.7,NaN,NaN
,Laframboise,,,,,,,
901,Point,18.6,0.51,-3.35,-27.45,27.95,87.30%,NaN
,Laframboise,,,,,,,
901,Point,19,0.59,-4.26,-29.36,29.95,90.70%,0.31%
,Laframboise,,,,,,,
D804,Point,19.1,0.33,-3.78,-28.87,29.19,NaN,NaN
,Laframboise,,,,,,,
901,Point,19.3,-0.18,-3.86,-29.29,29.11,88.80%,0.60%
,Laframboise,,,,,,,
901,Point,19.7,0.71,-3.85,-29.04,29.75,82.30%,0.53%
,Laframboise,,,,,,,
D804,Point,20.1,0.44,-3.41,-28.78,29.21,NaN,NaN
,Laframboise,,,,,,,
901,Point,20.2,0.52,-4.18,-28.52,29.04,87.60%,0.71%
,Laframboise,,,,,,,
901,Point,20.5,0.39,-4.05,-28.72,29.11,73.50%,1.17%
,Laframboise,,,,,,,
901,Point,21,0.2,-4.01,NaN,NaN,78.70%,0.81%
,Laframboise,,,,,,,
D804,Point,21.1,0.64,-3.43,-27.46,28.1,NaN,NaN
,Laframboise,,,,,,,
901,Point,21.4,0.45,-3.54,-28.95,29.4,93.10%,0.56%
,Laframboise,,,,,,,
901,Point,21.9,0.49,-3.49,-29.38,29.86,91.70%,0.67%
D804,Laframboise,22.1,0.16,-3.71,-29,29.16,NaN,NaN
,"Point
Laframboise",,,,,,,
901,Point,22.7,0.2,-3.66,-29.21,29.41,88.80%,0.29%
D804,"Laframboise
Point",23.1,0.2,-3.82,-28.88,29.08,NaN,NaN
D814,"Eight Mile
Pool",0,0.42,-2.86,,,,
D814,"Eight Mile
Pool",0.5,0.41,-3.32,,,,
D814,"Eight Mile
Pool",1,0.25,-2.87,,,,
D814,"Eight Mile
Pool",2,0.33,-3.49,,,,
D814,"Eight Mile
Pool",2.5,0.59,-3.4,,,,
D814,"Eight Mile
Pool",3.1,0.35,-3.89,,,,
D814,"Eight Mile
Pool",3.5,0.36,-4,,,,
D814,"Eight Mile
Pool",4,0.7,-3.38,,,,
D814,"Eight Mile
Pool",4.5,0.58,-3.24,,,,
D814,"Eight Mile
Pool",5,0.65,-3.09,,,,
D814,"Eight Mile
Pool",5.4,0.64,-3.43,,,,
D814,"Eight Mile
Pool",6,0.36,-5.67,,,,
D814,"Eight Mile
Pool",6.6,0.27,-3.03,,,,
D814,"Eight Mile
Pool",7,0.34,-3.22,,,,
D814,"Eight Mile
Pool",8,0.46,-4.03,,,,
D814,"Eight Mile
Pool",8.5,0.29,-2.89,,,,
D814,"Eight Mile
Pool",9,1,-3.15,,,,
D814,"Eight Mile
Pool",9.5,1.12,-3.95,,,,
D814,"Eight Mile
Pool",10.2,1.48,-3.36,,,,
D814,"Eight Mile
Pool",10.5,1.43,-2.35,,,,
D814,"Eight Mile
Pool",11,1.51,-3.09,,,,
D814,"Eight Mile
Pool",11.5,0.69,-5.55,,,,
D814,"Eight Mile
Pool",12,0.56,-5.98,,,,
D814,Eight Mile,13,-0.27,-2.33,,,,
,"Pool
Eight Mile",,,,,,,
D814,Pool,14.1,0.06,-6.64,,,,
,Eight Mile,,,,,,,
D814,Pool,15.5,0.93,-3.58,,,,
,Eight Mile,,,,,,,
D814,Pool,16.5,0.63,-3.93,,,,
,Eight Mile,,,,,,,
D814,Pool,17,0.22,-4.16,,,,
,Eight Mile,,,,,,,
D814,Pool,17.5,0.36,-3.34,,,,
,Eight Mile,,,,,,,
D814,Pool,18,-0.05,-3.28,,,,
,Eight Mile,,,,,,,
D814,Pool,18.5,-0.24,-4.37,,,,
,Eight Mile,,,,,,,
D814,Pool,19,-0.1,-3.36,,,,
,Eight Mile,,,,,,,
D814,Pool,19.5,1.44,-3.48,,,,
,Eight Mile,,,,,,,
D814,Pool,20,-0.42,-4.75,,,,
,Eight Mile,,,,,,,
D814,Pool,20.5,0.18,-3.62,,,,
,Eight Mile,,,,,,,
D814,Pool,21,0.43,-3.36,,,,
,Eight Mile,,,,,,,
D814,Pool,21.5,0.28,-3.58,,,,
,Eight Mile,,,,,,,
D814,Pool,22,-0.9,-3.54,,,,
,Eight Mile,,,,,,,
D814,Pool,22.5,0.62,-3.71,,,,
,Eight Mile,,,,,,,
D814,Pool,23,0.56,-3.3,,,,
,Eight Mile,,,,,,,
D814,Pool,23.5,0.59,-3.43,,,,
,Eight Mile,,,,,,,
D814,Pool,24,0.57,-3.54,,,,
,Eight Mile,,,,,,,
D814,Pool,24.5,0.64,-3.55,,,,
,Eight Mile,,,,,,,
D814,Pool,25,0.57,-3.45,,,,
,Eight Mile,,,,,,,
D814,Pool,25.5,0.69,-3.56,,,,
,Eight Mile,,,,,,,
D814,Pool,26,0.66,-3.3,,,,
,Eight Mile,,,,,,,
909A,Pool,26.5,0.47,-3.78,-27.46,27.93,86.80%,0.42%
,Eight Mile,,,,,,,
909A,Pool,27,0.4,-3.43,NaN,NaN,NaN,NaN
,Eight Mile,,,,,,,
909A,Pool,27.5,0.29,-3.48,-27.85,28.15,87.50%,0.64%
,Eight Mile,,,,,,,
909A,Pool,27.9,0.45,-3.35,-27.95,28.4,89.40%,0.50%
,Eight Mile,,,,,,,
909A,Pool,28.3,0.38,-3.5,-27.6,27.98,93.10%,0.44%
,Eight Mile,,,,,,,
909A,Pool,28.5,0.33,-4.78,-27.1,27.43,87.20%,0.47%
,Eight Mile,,,,,,,
909A,Pool,29,0.53,-3.63,-27.91,28.44,90.30%,0.52%
,Eight Mile,,,,,,,
909A,Pool,29.3,0.21,-3.44,-25.85,26.05,83.30%,0.40%
,Eight Mile,,,,,,,
909A,Pool,29.6,0.31,-3.89,-27.92,28.23,88.60%,0.50%
,Eight Mile,,,,,,,
909A,Pool,30,0.78,-3.35,-26.83,27.61,90.30%,0.30%
,Eight Mile,,,,,,,
909A,Pool,30.2,0.67,-3.71,-27.09,27.76,87.80%,0.23%
,Eight Mile,,,,,,,
909B,Pool,30.3,1.39,-4.33,-26.43,27.82,71.80%,0.27%
,Eight Mile,,,,,,,
909B,Pool,30.6,1.69,-4.38,-26.24,27.94,69.00%,0.37%
,Eight Mile,,,,,,,
909B,Pool,30.8,2.07,-4.36,-25.63,27.7,89.50%,0.29%
,Eight Mile,,,,,,,
909B,Pool,30.9,3,-3.04,-24.8,27.8,94.00%,0.28%
,Eight Mile,,,,,,,
909B,Pool,31.2,3.3,-3.17,-24.93,28.23,83.90%,0.36%
,Eight Mile,,,,,,,
909B,Pool,31.5,3.65,-3.12,-24.75,28.4,80.90%,0.27%
,Eight Mile,,,,,,,
909B,Pool,31.7,2.03,-6.12,-25.78,27.81,42.70%,0.40%
,Eight Mile,,,,,,,
909B,Pool,32.1,4.52,-3.12,-24.65,29.18,90.70%,0.18%
,Eight Mile,,,,,,,
909B,Pool,32.2,4.41,-2.45,-24.17,28.58,89.20%,0.04%
,Eight Mile,,,,,,,
909B,Pool,32.5,3.56,-3.09,-25.86,29.42,78.30%,0.29%
,Eight Mile,,,,,,,
909B,Pool,32.7,3.06,-3.81,-26.25,29.31,83.90%,0.29%
,Eight Mile,,,,,,,
909A,Pool,34.4,2.02,-3.5,-27.32,29.34,87.20%,0.57%
,Eight Mile,,,,,,,
909A,Pool,34.6,2.07,-3.74,-27.7,29.77,89.70%,0.62%
,Eight Mile,,,,,,,
909A,Pool,34.7,2.14,-3.58,-27.48,29.62,90.70%,0.54%
,Eight Mile,,,,,,,
909A,Pool,35.2,2.09,-3.36,-27.39,29.48,95.20%,0.36%
,Eight Mile,,,,,,,
909A,Pool,35.7,1.71,-3.94,-27.19,28.9,85.70%,0.54%
,Eight Mile,,,,,,,
909A,Pool,36.2,1.8,-3.83,-27.29,29.1,96.10%,0.21%
,Eight Mile,,,,,,,
909A,Pool,36.7,1.84,-3.51,-27.08,28.92,86.60%,0.41%
,Eight Mile,,,,,,,
909A,Pool,37.2,1.85,-3.53,-26.97,28.81,87.10%,0.34%
909A,Eight Mile,37.7,1.87,-3.53,-26.77,28.63,84.20%,0.33%
,"Pool
Eight Mile",,,,,,,
909A,Pool,38.2,1.72,-3.7,-26.76,28.48,90.00%,0.30%
909A,"Eight Mile
Pool",38.7,1.71,-4.19,-26.59,28.31,82.30%,0.52%
D816,"Nine Mile
Pool",0,0.69,-3.78,NaN,NaN,NaN,NaN
D816,"Nine Mile
Pool",0.3,0.72,-3.58,-27.09,27.81,90.80%,0.83%
D816,"Nine Mile
Pool",0.4,0.6,-3.51,-27.69,28.29,88.80%,NaN
D816,"Nine Mile
Pool",0.5,0.61,-3.37,NaN,NaN,89.40%,0.71%
D816,"Nine Mile
Pool",0.6,0.59,-3.56,-27.6,28.19,85.80%,0.98%
D816,"Nine Mile
Pool",0.8,0.56,-3.39,-27.7,28.26,82.90%,NaN
D816,"Nine Mile
Pool",0.9,0.63,-3.47,-27.66,28.29,82.10%,1.42%
D816,"Nine Mile
Pool",1,0.7,-3.32,-27.96,28.65,90.70%,NaN
D816,"Nine Mile
Pool",1.1,0.69,-3.57,-27.8,28.49,84.20%,NaN
D816,"Nine Mile
Pool",1.3,0.65,-3.84,-27.1,27.74,85.80%,0.60%
D816,"Nine Mile
Pool",1.4,0.76,-3.19,-27.26,28.02,90.30%,0.40%
D816,"Nine Mile
Pool",1.5,0.62,-3.54,-27.38,28,85.30%,0.60%
D816,"Nine Mile
Pool",1.6,0.67,-3.55,-27.05,27.73,88.00%,0.52%
D816,"Nine Mile
Pool",1.8,0.8,-3.27,-26.69,27.48,90.00%,0.41%
D816,"Nine Mile
Pool",1.9,0.78,-3.97,-26.9,27.68,89.10%,0.34%
D816,"Nine Mile
Pool",2,0.9,-3.41,-27.25,28.15,88.80%,0.48%
D816,"Nine Mile
Pool",2.2,1.54,-4.16,-26.94,28.47,86.60%,0.28%
D816,"Nine Mile
Pool",2.4,1.74,-4.41,-22.49,24.23,80.40%,0.48%
D816,"Nine Mile
Pool",2.6,1.9,-4.14,-23.72,25.62,84.70%,0.53%
D816,"Nine Mile
Pool",2.7,2.94,-2.92,-25.56,28.5,98.60%,0.25%
D816,"Nine Mile
Pool",2.8,3.05,-3.48,NaN,NaN,NaN,NaN
D816,"Nine Mile
Pool",2.9,2.78,-3.39,NaN,NaN,NaN,NaN
D816,"Nine Mile
Pool",3,3.32,-2.77,-25.66,28.99,86.90%,0.47%
D816,Nine Mile,3.2,3.65,-2.15,-25.32,28.97,94.40%,0.35%
,"Pool
Nine Mile",,,,,,,
D816,Pool,3.3,3.3,-3.27,-25.55,28.85,98.80%,0.27%
D816,"Nine Mile
Pool",3.5,3.99,-2.45,-27.14,31.13,87.10%,0.54%
D816,"Nine Mile
Pool",3.6,3.97,-2.44,-25.16,29.14,92.60%,0.32%
D816,"Nine Mile
Pool",3.8,4.07,-2.91,-25.14,29.2,88.90%,0.47%
D816,"Nine Mile
Pool",3.9,3.99,-2.99,-25.77,29.77,90.40%,0.47%
D816,"Nine Mile
Pool",4,3.86,-3.13,-24.9,28.76,91.60%,0.37%
D817,"Nine Mile
Pool",9,1.84,-3.36,-27.76,29.59,82.00%,0.57%
D817,"Nine Mile
Pool",10,1.57,-3.44,-27,28.58,86.00%,0.44%
D817,"Nine Mile
Pool",11,1.66,-3.54,-27.84,29.5,85.50%,0.80%
D817,"Nine Mile
Pool",12,1.53,-3.1,-26.71,28.24,78.50%,0.33%
D817,"Nine Mile
Pool",13,1.48,-3.33,-27.07,28.55,91.20%,0.25%
D817,"Nine Mile
Pool",14,1.31,-3.08,-27.85,29.16,91.20%,0.36%
D817,"Nine Mile
Pool",15,0.73,-3.84,-27.28,28.01,84.90%,0.35%
D817,"Nine Mile
Pool",16,1.02,-3.81,-26.96,27.98,90.00%,0.25%
D817,"Nine Mile
Pool",17,1.14,-3.47,-27.89,29.03,87.40%,0.39%
D817,"Nine Mile
Pool",18,1.26,-3.36,-27.69,28.95,90.70%,0.43%
D817,"Nine Mile
Pool",19,1.35,-3.63,-27.37,28.72,88.60%,0.65%
D817,"Nine Mile
Pool",20,1.08,-3.61,-27.36,28.44,88.50%,0.56%
D817,"Nine Mile
Pool",21,0.76,-4.75,-27.5,28.27,74.30%,0.46%
D817,"Nine Mile
Pool",22,0.85,-3.78,-30.01,30.86,90.30%,0.63%
D817,"Nine Mile
Pool",23,0.29,-4.79,-30.28,30.57,82.30%,1.62%
D817,"Nine Mile
Pool",24,0.02,-4.18,-28.61,28.63,86.60%,0.22%
D817,"Nine Mile
Pool",25,-0.2,-3.77,-29.05,28.85,83.00%,0.47%
D817,"Nine Mile
Pool",26,0.06,-3.53,-28.69,28.75,91.80%,0.35%
911,"Nine Mile
Pool",0,4.42,-2.92,-26.29,30.71,,
911,Nine Mile,0.3,4.31,-3.15,-24.49,28.8,,
,"Pool
Nine Mile",,,,,,,
"911
911","Pool Nine Mile
Pool","0.40
0.45","4.49
2.11",-6.63,-50.97,"30.69
26.88",,
911,"Nine Mile
Pool",0.5,2.56,-3.69,-28.43,30.98,,
911,"Nine Mile
Pool",0.7,2.27,-3.57,-27.02,29.29,,
911,"Nine Mile
Pool",0.9,2.12,-4.48,-28.6,30.73,,
911,"Nine Mile
Pool",1,1.74,-3.76,-27.55,29.29,,
911,"Nine Mile
Pool",1.3,2.03,-4.26,-28.38,30.41,,
911,"Nine Mile
Pool",1.9,1.74,-5.02,-27.5,29.24,,
911,"Nine Mile
Pool",2.3,1.47,-4.94,-27.53,29,,
911,"Nine Mile
Pool",2.5,2.03,-3.84,-28.18,30.21,,
D815,Macaire Creek,0.1,0.35,-3.51,-28.21,28.56,87.00%,0.68%
D815,Macaire Creek,0.4,0.5,-3.59,-28.66,29.17,85.10%,0.72%
D815,Macaire Creek,0.7,0.58,-3.44,-27.74,28.32,88.00%,0.61%
D815,Macaire Creek,1,0.6,-3.75,-28.62,29.22,89.30%,0.73%
D815,Macaire Creek,1.3,0.63,-3.45,-27.95,28.58,87.20%,0.45%
D815,"Macaire
Creek",1.5,0.73,-3.34,-28.63,29.36,84.90%,0.88%
D815,Macaire Creek,1.7,0.74,-3.26,-28.99,29.74,85.10%,0.53%
D815,Macaire Creek,2.1,0.72,-3.45,-27.84,28.56,89.00%,0.71%
D815,Macaire Creek,2.3,0.76,-3.5,-27.22,27.98,90.50%,0.35%
D815,Macaire Creek,2.5,1,-3.26,-31.13,32.13,92.70%,0.39%
D815,Macaire Creek,2.65,0.93,-3.24,-29.13,30.06,85.50%,0.73%
912,"Macaire Creek
Quarry",2.7,0.98,-3.56,-27.43,28.41,90.80%,0.03%
912,"Macaire
Creek Quarry",2.95,1.96,-3.96,-24.4,26.36,65.60%,0.21%
912,"Macaire
Creek Quarry",3.1,2.21,NaN,-25.53,27.74,63.50%,0.18%
,Macaire Creek,,,,,,,
"912
912","Quarry Macaire Creek
Quarry","3.32
3.45","2.16
2.78",-9.57,-51.67,"27.88
28.73","57.7%
78.6%","0.12%
0.05%"
912,"Macaire
Creek Quarry",3.6,3.38,-3.77,-25.16,28.54,95.90%,0.15%
912,"Macaire
Creek Quarry",3.8,3.91,-3.18,-25.3,29.21,92.30%,0.15%
912,"Macaire Creek
Quarry",4,3.44,-4.4,-25.66,29.1,85.70%,0.32%
912,"Macaire
Creek Quarry",4.3,3.34,-3.85,-26.13,29.47,96.10%,0.10%
912,"Macaire
Creek Quarry",4.5,3.05,-3.61,NaN,NaN,97.20%,0.15%
912,"Macaire Creek
Quarry",4.6,2.64,-4.28,-26.72,29.36,79.00%,0.23%
912,"Macaire
Creek Quarry",4.8,2.4,-3.96,-26.64,29.04,89.70%,0.19%
912,"Macaire
Creek Quarry",5,1.85,-3.22,-27.95,29.8,86.40%,0.44%
912,"Macaire Creek
Quarry",5.1,2.35,-3.7,-27.65,30,85.20%,0.29%
912,"Macaire
Creek Quarry",6.4,2.29,-3.6,-28.07,30.35,89.40%,0.36%
912,Macaire Creek Quarry,6.9,1.68,-4.26,-27.27,28.95,82.80%,0.27%
920,"Natiscotec
Creek",0.19,1.74,-4.28,,,,
920,"Natiscotec
Creek",0.21,1.74,-4.25,,,,
920,"Natiscotec
Creek",0.23,1.51,-4.72,,,,
920,"Natiscotec
Creek",0.28,1.69,-4.55,,,,
920,"Natiscotec
Creek",0.32,1.77,-4.45,,,,
920,"Natiscotec
Creek",0.39,1.39,-4.84,,,,
920,Natiscotec,0.41,1.68,-4.68,,,,
,"Creek
Natiscotec",,,,,,,
"920
920","Creek Natiscotec
Creek","0.43
0.47","1.47
1.87",-9.18,,,,
920,"Natiscotec
Creek",0.49,1.88,-4.57,,,,
920,"Natiscotec
Creek",0.51,2.18,-4.11,,,,
920,"Natiscotec
Creek",0.53,1.89,-4.8,,,,
920,"Natiscotec
Creek",0.56,2.85,-3.44,,,,
920,"Natiscotec
Creek",0.58,2.97,-3.3,,,,
920,"Natiscotec
Creek",0.6,3.08,-3.52,,,,
920,"Natiscotec
Creek",0.64,2.84,-3.88,,,,
920,"Natiscotec
Creek",0.66,2.88,-3.6,,,,
920,"Natiscotec
Creek",0.68,2.79,-3.85,,,,
920,"Natiscotec
Creek",0.7,2.95,-3.58,,,,
920,"Natiscotec
Creek",0.72,2.97,-3.43,,,,
920,"Natiscotec
Creek",0.73,2.67,-3.92,,,,
920,"Natiscotec
Creek",0.75,3.06,-3.56,,,,
920,"Natiscotec
Creek",0.77,2.97,-3.65,,,,
914,Lousy Cove,0.3,0.27,-4.72,NaN,NaN,NaN,NaN
914,Lousy Cove,0.6,0.06,-5.9,-26.39,26.45,54.20%,0.68%
914,Lousy Cove,0.9,0.35,-4.64,-25.26,25.62,64.70%,0.66%
914,Lousy Cove,1,0.59,-4.45,-25.58,26.18,61.50%,0.85%
914,Lousy Cove,1.3,-0.09,-6.14,-25.48,25.4,60.30%,0.83%
914,Lousy Cove,1.8,0.33,-7.73,-25.74,26.07,74.10%,0.66%
914,Lousy Cove,1.9,0.17,-7.15,-25.49,25.12,84.40%,0.57%
914,Lousy Cove,2.5,-0.2,-5.82,-25.56,25.36,76.10%,0.56%
914,Lousy Cove,3,-0.45,-3.88,-26.64,26.49,96.00%,0.50%
914,Lousy Cove,3.5,0.51,-4.63,-27.44,27.95,83.10%,1.08%
914,Lousy Cove,4,0.51,-4.03,-26.89,27.4,83.60%,0.93%
914,Lousy Cove,4.5,0.75,-5.01,-26.86,27.61,82.90%,0.96%
914,Lousy Cove,5,0.7,-3.29,-26.03,26.73,88.80%,0.66%
914,Lousy Cove,5.5,0.51,-2.68,-25.99,26.5,85.90%,0.78%
914A,Lousy Cove,5.58,3.75,-4.79,NaN,NaN,NaN,NaN
914A,Lousy Cove,5.74,3.79,-5.16,NaN,NaN,NaN,NaN
914A,Lousy Cove,5.75,2.28,-6.44,NaN,NaN,NaN,NaN
914A,Lousy Cove,5.76,3.05,-5.59,NaN,NaN,NaN,NaN
914A,Lousy Cove,5.77,3.62,-5.3,NaN,NaN,NaN,NaN
914,Lousy Cove,5.8,3.29,-5.4,-24.88,28.21,96.60%,0.29%
914A,Lousy Cove,5.9,3.88,-5.46,NaN,NaN,NaN,NaN
914A,Lousy Cove,5.92,3.92,-4.74,NaN,NaN,NaN,NaN
914,Lousy Cove,6,3.46,-4.31,-22.9,26.25,97.50%,0.25%
914A,Lousy Cove,6.03,4.22,-4.91,NaN,NaN,NaN,NaN
914A,Lousy Cove,6.05,4.38,-3.95,NaN,NaN,NaN,NaN
914,Lousy Cove,6.1,3.49,-3.93,-23.96,27.44,95.70%,0.34%
914A,Lousy Cove,6.15,4.19,-3.68,NaN,NaN,NaN,NaN
914A,Lousy Cove,6.16,4.13,-3.84,NaN,NaN,NaN,NaN
914A,Lousy Cove,6.18,3.38,-4.65,NaN,NaN,NaN,NaN
914A,Lousy Cove,6.19,3.17,-4.42,NaN,NaN,NaN,NaN
914,Lousy Cove,6.5,2.89,-4.12,-24.69,27.59,85.50%,0.51%
914,Lousy Cove,7.1,2.55,-4.41,-25.33,27.88,82.30%,0.45%
914,Lousy Cove,7.6,2.39,-4.51,-25.2,27.59,86.10%,0.17%
914,Lousy Cove,8,2.13,-3.73,-25.93,28.06,82.30%,0.34%
914,Lousy Cove,8.5,2.16,-4.22,-26.06,28.22,80.40%,0.76%
914,Lousy Cove,9,1.8,-5.2,-24.89,26.69,84.30%,0.30%
914,Lousy Cove,9.5,2.14,-3.51,-26.48,28.62,88.60%,0.42%
D821,English Head,0,-0.09,-4.22,,,,
D821,English Head,1,-0.04,-4.4,,,,
D821,"English
Head",2,0.09,-4.37,,,,
D821,English Head,3,0.09,-4.42,,,,
D821,English Head,4,0.1,-4.06,,,,
D821,"English
Head",5,0.04,-4.19,,,,
D821,English Head,6,0.21,-3.87,,,,
D821,English Head,7,0.03,-3.98,,,,
D821,English Head,8,0.39,-4.21,,,,
D821,English Head,9,0.2,-4.26,,,,
D821,English Head,10,0.25,-3.93,,,,
D821,English Head,11,0.4,-3.64,,,,
D821,"English
Head",12,0.48,-3.88,,,,
D821,English Head,13,0.28,-3.97,,,,
D821,English Head,14,0.57,-3.98,,,,
D821,English Head,15,0.66,-3.71,,,,
D821,English Head,16,0.68,-3.89,,,,
D821,"English
Head",17,0.69,-3.94,,,,
D821,English Head,18,0.8,-3.61,,,,
D821,English Head,19,0.69,-3.68,,,,
D821,"English
Head",20,0.41,-4.37,,,,
D821,English Head,21,0.33,-4.41,,,,
D821,English Head,22,0.36,-4.34,,,,
D821,English Head,23,0.6,-3.72,,,,
D821,English Head,24,0.76,-3.74,,,,
D801,"Junction
Cliff",1,1.4,-3.51,,,,
D801,"Junction
Cliff",2,1.66,-3.18,,,,
D801,"Junction
Cliff",3,1.56,-3.57,,,,
D801,"Junction
Cliff",4,1.65,-3.1,,,,
D801,"Junction
Cliff",5,1.82,-3.51,,,,
D801,"Junction
Cliff",6,1.85,-3.37,,,,
D801,"Junction
Cliff",7,1.83,-3.22,,,,
D801,"Junction
Cliff",8,1.63,-3.52,,,,
D801,"Junction
Cliff",9,1.61,-3.35,,,,
D801,"Junction
Cliff",10,1.16,-2.88,,,,
D802,N.A.,20,1.21,-3.44,,,,
D802,N.A.,21,1.2,-3.68,,,,
D802,N.A.,22,1.09,-3.58,,,,
D802,N.A.,23,0.93,-3.55,,,,
D802,N.A.,24,0.87,-3.6,,,,
D802,N.A.,25,0.87,-3.33,,,,
D802,N.A.,26,0.05,-3.12,,,,
D803,N.A.,32,0.97,-3.89,,,,
D803,N.A.,33,1.12,-3.72,,,,
D803,N.A.,34,1.1,-3.31,,,,
D803,N.A.,34.8,0.35,-4.18,,,,
D803,N.A.,36,0.6,-3.47,,,,
D803,N.A.,,,,,,,
D803,N.A.,46,0.99,-3.71,,,,
D803,N.A.,47,1.27,-3.48,,,,
D803,N.A.,48,1.07,-4.02,,,,
D804,"Laframboise
Point",53.1,0.11,-3.64,,,,
D804,"Laframboise
Point",54.1,0.53,-2.97,,,,
D804,"Laframboise
Point",55.1,0.6,-3.61,,,,
D804,"Laframboise
Point",56.1,0.44,-3.66,,,,
901,"Laframboise
Point",56.3,0.41,-3.91,,,,
901,"Laframboise
Point",56.4,0.54,-3.89,,,,
901,"Laframboise
Point",57,0.74,-3.96,,,,
D804,"Laframboise
Point",57.1,0.29,-3.61,,,,
901,"Laframboise
Point",57.2,-0.36,-3.97,,,,
901,"Laframboise
Point",57.5,0.32,-4.27,,,,
901,"Laframboise
Point",57.9,0.24,-3.72,,,,
D804,"Laframboise
Point",58.1,0.96,-3.53,,,,
901,"Laframboise
Point",58.5,0.16,-3.6,,,,
D804,"Laframboise
Point",59.1,0.42,-3.75,,,,
901,"Laframboise
Point",59.3,0.14,-3.83,,,,
901,"Laframboise
Point",60,0.14,-3.67,,,,
D804,"Laframboise
Point",60.2,0.49,-4.08,,,,
901,"Laframboise
Point",60.5,0.26,-3.57,,,,
901,"Laframboise
Point",61,0.13,-3.29,,,,
D804,"Laframboise
Point",61.1,0.27,-3.67,,,,
901,"Laframboise
Point",61.5,0.19,-3.53,,,,
901,"Laframboise
Point",62,0.41,-3.56,,,,
,Laframboise,,,,,,,
D804,Point,62.1,0.66,-3.59,,,,
,Laframboise,,,,,,,
901,Point,62.4,0.38,-3.31,,,,
,Laframboise,,,,,,,
901,Point,63,1.42,-2.86,,,,
,Laframboise,,,,,,,
D804,Point,63.1,1.7,-1.91,,,,
,Laframboise,,,,,,,
901,Point,63.3,1.38,-2.91,,,,
,Laframboise,,,,,,,
901,Point,64,1.56,-3.1,,,,
,Laframboise,,,,,,,
D804,Point,64.1,2.05,-2.82,,,,
,Laframboise,,,,,,,
901,Point,64.5,1.43,-3.66,,,,
,Laframboise,,,,,,,
901,Point,65,2.11,-3.79,,,,
,Laframboise,,,,,,,
D804,Point,65.1,2.7,-2.61,,,,
,Laframboise,,,,,,,
901,Point,65.2,1.76,-3.96,,,,
,Laframboise,,,,,,,
901,Point,65.5,1.6,-4.1,,,,
,Laframboise,,,,,,,
901,Point,65.7,1.77,-3.99,,,,
,Laframboise,,,,,,,
901,Point,66,1.4,-3.49,,,,
,Laframboise,,,,,,,
901,Point,66.1,2.38,-3.95,,,,
,Laframboise,,,,,,,
D804,Point,66.1,2.22,-2.98,,,,
,Laframboise,,,,,,,
901,Point,66.5,3.65,-2.7,,,,
,Laframboise,,,,,,,
901,Point,66.5,3.65,-2.1,,,,
,Laframboise,,,,,,,
901,Point,66.7,3.41,-2.29,,,,
,Laframboise,,,,,,,
901,Point,66.7,3.35,-2.1,,,,
,Laframboise,,,,,,,
901,Point,67,3.54,-2.82,,,,
,Laframboise,,,,,,,
901,Point,67,3.95,-1.98,,,,
,Laframboise,,,,,,,
D804,Point,67.1,3.83,-1.87,,,,
,Laframboise,,,,,,,
901,Point,67.2,3.59,-2.97,,,,
,Laframboise,,,,,,,
901,Point,67.4,4.61,-1.97,,,,
,Laframboise,,,,,,,
901,Point,67.5,3.65,-2.7,,,,
901,Laframboise,67.7,3.05,-2.94,,,,
,"Point
Laframboise",,,,,,,
901,Point,67.9,3.19,-2.35,,,,
,Laframboise,,,,,,,
D804,Point,68.1,3.53,-2.95,,,,
,Laframboise,,,,,,,
901,Point,68.3,3.76,-4.32,,,,
,Laframboise,,,,,,,
901,Point,68.8,3.75,-2.54,,,,
,Laframboise,,,,,,,
D804,Point,69.1,4.03,-1.96,,,,
,Laframboise,,,,,,,
D804,Point,69.3,3.1,-2.91,,,,
,Laframboise,,,,,,,
D804,Point,69.5,1.92,-2.88,,,,
,Laframboise,,,,,,,
D804,Point,69.8,1.6,-3.78,,,,
,Laframboise,,,,,,,
D804,Point,70,1.29,-3.63,,,,
,Laframboise,,,,,,,
901,Point,70.1,1.62,-3.05,,,,
,Laframboise,,,,,,,
D804,Point,70.5,0.98,-4.84,,,,
,Laframboise,,,,,,,
901,Point,70.6,0.85,-3.24,,,,
,Laframboise,,,,,,,
D804,Point,70.7,0.9,-3.57,,,,
,Laframboise,,,,,,,
D804,Point,71,0.73,-3.52,,,,
,Laframboise,,,,,,,
901,Point,71,0.66,-4.05,,,,
,Laframboise,,,,,,,
D804,Point,71.1,0.41,-3.54,,,,
,Laframboise,,,,,,,
901,Point,71.6,0.51,-3.35,,,,
,Laframboise,,,,,,,
901,Point,72,0.59,-4.26,,,,
,Laframboise,,,,,,,
D804,Point,72.1,0.33,-3.78,,,,
,Laframboise,,,,,,,
901,Point,72.3,-0.18,-3.86,,,,
,Laframboise,,,,,,,
901,Point,72.7,0.71,-3.85,,,,
,Laframboise,,,,,,,
D804,Point,73.1,0.44,-3.41,,,,
,Laframboise,,,,,,,
901,Point,73.2,0.52,-4.18,,,,
,Laframboise,,,,,,,
901,Point,73.5,0.39,-4.05,,,,
,Laframboise,,,,,,,
901,Point,74,0.2,-4.01,,,,
,Laframboise,,,,,,,
D804,Point,74.1,0.64,-3.43,,,,
901,"Laframboise
Point",74.4,0.45,-3.54,,,,
901,"Laframboise
Point",74.9,0.49,-3.49,,,,
D804,"Laframboise
Point",75.1,0.16,-3.71,,,,
901,"Laframboise
Point",75.7,0.2,-3.66,,,,
D804,"Laframboise
Point",76.1,0.2,-3.82,,,,
D805,"Laframboise
Point",80.1,0.39,-3.92,,,,
D805,"Laframboise
Point",81.1,0.49,-3.87,,,,
D805,"Laframboise
Point",82.1,0.31,-3.68,,,,
D805,"Laframboise
Point",83.1,0.21,-3.69,,,,
D805,"Laframboise
Point",84.1,0.13,-3.82,,,,
D805,"Laframboise
Point",85.1,0.33,-3.68,,,,
D805,"Laframboise
Point",86.1,0.24,-3.84,,,,
D805,"Laframboise
Point",87.1,0.16,-3.88,,,,
D805,"Laframboise
Point",88.1,0.59,-3.48,,,,
D805,"Laframboise
Point",89.1,0.36,-4.17,,,,
D805,"Laframboise
Point",90.1,0.44,-3.56,,,,
D805,"Laframboise
Point",91.1,0.24,-3.62,,,,
D805,"Laframboise
Point",92.1,0.5,-3.66,,,,
D805,"Laframboise
Point",93.1,0.22,-3.78,,,,
D805,"Laframboise
Point",94.1,0.27,-3.72,,,,
D805,"Laframboise
Point",95.1,0,-4.13,,,,
D805,"Laframboise
Point",98.1,-0.16,-4.15,,,,
D805,"Laframboise
Point",99.1,-0.33,-4.12,,,,
D806,"Laframboise
Point",103.1,-0.1,-3.59,,,,
D806,"Laframboise
Point",104.1,-0.04,-3.97,,,,
D806,Laframboise,104.1,-0.07,-3.92,,,,
,"Point
Laframboise",,,,,,,
D806,Point,105.1,-0.07,-3.7,,,,
,Laframboise,,,,,,,
D806,Point,106.1,-0.19,-3.59,,,,
,Laframboise,,,,,,,
D806,Point,107.1,-0.05,-3.34,,,,
,Laframboise,,,,,,,
D806,Point,108.1,0.06,-3.65,,,,
,Laframboise,,,,,,,
D806,Point,109.1,-0.01,-3.7,,,,
,Laframboise,,,,,,,
D806,Point,110.1,-0.04,-3.7,,,,
,Laframboise,,,,,,,
D806,Point,110.9,0.02,-3.82,,,,